brecha,pobtug,povheadc,IDH_2019
3.17121212121212,28.6308105166451,21.6257575757576,0.74731914893617
2.6,31,24.4,0.663
